INSERT INTO [dbo].[Company]
([Id], [Name], [Email], [WebSiteUrl], [Address_Street], [Address_City], [Address_County], [Address_PostCode], [Address_CountryId])
VALUES
('8CEFE8FA-F747-4A3A-D8C9-08DC18C76CDC', 'CompanyA', 'email@companya.com', 'www.companya.com', 'Address 1', 'City 1', 'County 1', '123456ABC', '534A826B-70EF-2128-1A4C-52E23B7D5447'), 
('95DE146B-86E6-461D-99B3-0CFE0FAA2BAB', 'CompanyB', 'email@companyb.com', 'www.companyb.com', 'Address 2', 'City 2', 'County 2', '567890DEF', '534A826B-70EF-2128-1A4C-52E23B7D5447')

INSERT INTO [dbo].[File]
([Id], [Name], [Extension], [Size], [ContentType], [UploadedOn], [IsTemp], [Discriminator], [DateTaken], [Dimensions_Height], [Dimensions_Width], [Position_Latitude], [Position_Longitude], [ThumbnailId])
VALUES
('7D5C57BA-05F4-44FD-832E-5145C5AB0486', 'NET_Core_Logo', '.png', 123528, 'image/png', '2024-09-07 10:37:14.8618596', 0, 'Image', NULL, 2048, 2048, NULL, NULL, '0F9E772F-85CA-430E-BDA2-65AF93E816E9'),
('0F9E772F-85CA-430E-BDA2-65AF93E816E9', 'NET_Core_Logo', '.png', 7751, 'image/png', '2024-09-07 10:37:14.8618551', 0, 'Image', NULL, 120, 120, NULL, NULL, NULL),
('41F299EE-1D20-4AEF-A1F0-6A73E9C5673E', 'MS_NET_Logo', '.png', 291461, 'image/png', '2024-09-07 10:37:24.1712621', 0, 'Image', NULL, 2400, 2288, NULL, NULL, '1649A56D-26CF-4BE0-8977-B9EDFB26337E'),
('1649A56D-26CF-4BE0-8977-B9EDFB26337E', 'MS_NET_Logo', '.png', 10634, 'image/png', '2024-09-07 10:37:24.1712591', 0, 'Image', NULL, 120, 114, NULL, NULL, NULL),
('9B78C5B9-B2E5-469E-8ADB-9ABE455408CA', 'NET_Logo', '.png', 13343, 'image/png', '2024-09-07 10:36:36.7064426', 0, 'Image', NULL, 2048, 2048, NULL, NULL, '64D6A46B-80F0-4CB7-B50F-E0298D1F6FB8'),
('64D6A46B-80F0-4CB7-B50F-E0298D1F6FB8', 'NET_Logo', '.png', 1917, 'image/png', '2024-09-07 10:36:36.7054540', 0, 'Image', NULL, 120, 120, NULL, NULL, NULL),
('2355F9AA-5E52-4D56-AD1A-334A370C82EB', 'CSharp-Logo', '.png', 3769, 'image/png', '2024-09-07 11:50:03.1722354', 0, 'Image', NULL, 348, 348, NULL, NULL, '54C363F9-AE5A-4D5A-B4DB-E32EE82DCBA2'),
('54C363F9-AE5A-4D5A-B4DB-E32EE82DCBA2', 'CSharp-Logo', '.png', 8293, 'image/png', '2024-09-07 11:50:03.1711232', 0, 'Image', NULL, 120, 120, NULL, NULL, NULL),
('418293F5-3F77-44D5-9B98-4B6A9677D5C7', 'dotnet-bot-1', '.png', 22831, 'image/png', '2024-09-30 18:22:13.1518692', 1, 'Image', NULL, 288, 288, NULL, NULL, 'D96AEE8E-23D6-47E1-9A76-AF682491D398'),
('D96AEE8E-23D6-47E1-9A76-AF682491D398', 'dotnet-bot-1', '.png', 9400, 'image/png', '2024-09-30 18:22:13.1508664', 1, 'Image', NULL, 120, 120, NULL, NULL, NULL),
('B9EE5029-AC55-4FB8-A6B0-EA0F56CC75D3', 'dotnet-bot-2', '.png', 253552, 'image/png', '2024-09-30 18:22:47.0370170', 1, 'Image', NULL, 699, 846, NULL, NULL, '3DFAFE31-78F8-45AE-843B-C4C919BDA6CC'),
('3DFAFE31-78F8-45AE-843B-C4C919BDA6CC', 'dotnet-bot-2', '.png', 13335, 'image/png', '2024-09-30 18:22:47.0342655', 1, 'Image', NULL, 99, 120, NULL, NULL, NULL)

INSERT INTO [dbo].[Product]
([Id], [Title], [Description], [Price], [CompanyId], [DefaultPictureId])
VALUES
('FA934D1C-1E6D-4DD4-ADC2-08DC18C8810C', 'Product A', 'Product A description', 2.54, '8CEFE8FA-F747-4A3A-D8C9-08DC18C76CDC', '7D5C57BA-05F4-44FD-832E-5145C5AB0486'),
('C765D546-9F21-4071-A487-08DC20D75CE6', 'Product B', 'Product B description', 1.35, '95DE146B-86E6-461D-99B3-0CFE0FAA2BAB', '9B78C5B9-B2E5-469E-8ADB-9ABE455408CA'),
('22C268D2-4E9D-4B4F-A312-08DC20F4FFD4', 'Product C', 'Product C description', 3.68, '8CEFE8FA-F747-4A3A-D8C9-08DC18C76CDC', '2355F9AA-5E52-4D56-AD1A-334A370C82EB')

INSERT INTO [dbo].[ProductPicture]
([ProductId], [PicturesId])
VALUES
('FA934D1C-1E6D-4DD4-ADC2-08DC18C8810C', '7D5C57BA-05F4-44FD-832E-5145C5AB0486'),
('FA934D1C-1E6D-4DD4-ADC2-08DC18C8810C', '41F299EE-1D20-4AEF-A1F0-6A73E9C5673E'),
('C765D546-9F21-4071-A487-08DC20D75CE6', '9B78C5B9-B2E5-469E-8ADB-9ABE455408CA'),
('22C268D2-4E9D-4B4F-A312-08DC20F4FFD4', '2355F9AA-5E52-4D56-AD1A-334A370C82EB')

